,City Name,Cloudiness,Country,Date,Humidity,Lat,Lng,Max Temp,Wind Speed
0,Cabo San Lucas,5,MX,1561312897,51,22.89,-109.91,95.0,6.93
1,Karratha,37,AU,1561313023,78,-20.74,116.85,68.11,5.59
2,Taoudenni,0,ML,1561313023,5,22.68,-3.98,108.43,10.85
3,Avarua,50,CK,1561312823,49,-21.21,-159.78,71.6,9.17
4,Severo-Kurilsk,89,RU,1561313023,85,50.68,156.12,43.09,5.99
5,Mataura,100,NZ,1561313024,96,-46.19,168.86,46.99,5.01
6,Lompoc,1,US,1561313024,68,34.64,-120.46,73.0,6.93
7,Rikitea,100,PF,1561313025,83,-23.12,-134.97,69.37,12.41
8,Soplaviento,0,CO,1561313025,70,10.39,-75.14,89.6,9.17
9,New Norfolk,0,AU,1561313026,94,-42.78,147.06,36.0,8.05
10,Yellowknife,75,CA,1561313026,60,62.45,-114.38,68.0,4.7
11,Pisco,90,PE,1561313026,30,-13.71,-76.2,71.6,3.36
12,Mitsamiouli,20,KM,1561313027,78,-11.38,43.28,77.0,3.36
13,Port Alfred,12,ZA,1561313027,91,-33.59,26.89,59.0,4.0
14,Vaini,100,IN,1561313028,93,15.34,74.49,76.93,3.42
15,Punta Arenas,75,CL,1561313028,86,-53.16,-70.91,37.4,6.93
16,Ust-Kuyga,0,RU,1561313028,52,70.0,135.55,65.23,4.07
17,Jabinyanah,0,TN,1561312813,43,35.03,10.91,89.6,10.29
18,Peniche,75,PT,1561313029,78,39.36,-9.38,73.99,8.05
19,Atuona,31,PF,1561313029,80,-9.8,-139.03,80.89,17.16
20,Hobart,0,AU,1561313030,94,-42.88,147.33,36.0,8.05
21,Bluff,66,AU,1561313031,59,-23.58,149.07,54.79,5.93
22,Kungurtug,100,RU,1561313031,77,50.6,97.53,51.01,4.68
23,Saint George,40,GR,1561313032,62,39.45,22.34,87.01,9.17
24,Aklavik,40,CA,1561312781,72,68.22,-135.01,62.6,8.05
25,Belmonte,100,PT,1561313033,54,40.36,-7.35,73.0,3.94
26,Marsa Matruh,20,EG,1561312808,78,31.35,27.25,80.6,11.41
27,Lavrentiya,100,RU,1561313034,78,65.58,-170.99,36.79,2.1
28,Ha Giang,100,VN,1561313034,97,22.83,104.99,69.01,3.27
29,Khatanga,100,RU,1561313035,80,71.98,102.47,57.49,10.09
30,Busselton,17,AU,1561313035,60,-33.64,115.35,55.0,24.94
31,Tuktoyaktuk,75,CA,1561313035,87,69.44,-133.03,50.0,12.75
32,Albany,40,US,1561312828,39,42.65,-73.75,84.0,11.41
33,Puerto Leguizamo,100,CO,1561313037,99,-0.19,-74.78,68.11,2.75
34,Oranjemund,0,ZA,1561313038,66,-28.55,16.43,58.57,9.26
35,Tasiilaq,90,GL,1561313038,86,65.61,-37.64,39.2,6.93
36,Havelock,90,US,1561313028,45,34.88,-76.9,82.4,9.17
37,Hay River,75,CA,1561313039,82,60.82,-115.79,57.2,6.93
38,Victoria,90,BN,1561313039,88,5.28,115.24,78.8,3.36
39,Aldan,0,RU,1561313040,95,58.61,125.39,47.77,3.09
40,High Level,40,CA,1561313040,64,58.52,-117.13,68.0,6.93
41,Manbij,0,SY,1561313041,45,36.53,37.96,84.2,8.05
42,Nishihara,90,JP,1561312777,100,35.74,139.53,69.01,6.93
43,Georgetown,40,GY,1561313042,74,6.8,-58.16,91.4,11.41
44,Ketchikan,90,US,1561313043,87,55.34,-131.65,53.6,13.87
45,Hambantota,64,LK,1561313043,83,6.12,81.12,82.87,19.37
46,Arraial do Cabo,0,BR,1561313044,69,-22.97,-42.02,78.8,13.87
47,Bambous Virieux,75,MU,1561313044,78,-20.34,57.76,71.6,14.99
48,Saskylakh,100,RU,1561313044,57,71.97,114.09,60.73,10.07
49,Hilo,90,US,1561313045,73,19.71,-155.08,78.01,3.36
50,Palmer,20,US,1561313019,63,61.6,-149.11,66.99,3.36
51,Vestmannaeyjar,90,IS,1561313046,93,63.44,-20.27,51.8,11.41
52,Butaritari,51,KI,1561313047,77,3.07,172.79,83.05,8.03
53,Igunga,29,TZ,1561313047,40,-4.28,33.88,72.97,5.39
54,Bytow,0,PL,1561312782,59,54.17,17.49,68.0,6.93
55,Marsaxlokk,0,MT,1561313048,61,35.84,14.54,82.4,8.05
56,Kropotkin,100,RU,1561313048,76,45.43,40.58,73.51,12.48
57,Ushuaia,90,AR,1561312939,56,-54.81,-68.31,42.8,4.7
58,Batagay,18,RU,1561313049,56,67.65,134.64,62.89,3.74
59,Zaysan,77,KZ,1561313050,67,47.47,84.87,50.29,9.24
60,Gympie,95,AU,1561313050,86,-26.2,152.66,51.01,1.01
61,Strezhevoy,0,RU,1561313051,93,60.73,77.6,48.2,5.1
62,Bulgan,91,MN,1561313051,88,48.81,103.53,57.31,2.8
63,Bredasdorp,45,ZA,1561313051,93,-34.53,20.04,50.0,4.7
64,Thompson,90,CA,1561312869,77,55.74,-97.86,62.6,8.05
65,Nikolskoye,20,RU,1561313052,39,59.7,30.79,66.2,6.71
66,Carnarvon,0,ZA,1561313053,56,-30.97,22.13,47.77,5.06
67,Bada,0,NG,1561313053,26,12.41,4.51,99.79,2.55
68,Kupang,0,ID,1561312789,75,-10.16,123.6,76.57,17.65
69,Lata,100,IN,1561313054,71,30.78,78.62,43.63,6.8
70,Sumbe,75,AO,1561313054,78,-11.2,13.84,75.2,10.29
71,Portland,90,US,1561312732,59,45.52,-122.67,64.99,5.82
72,Talaya,40,RU,1561313055,93,55.79,84.89,57.2,6.71
73,Puerto Ayora,16,EC,1561313055,68,-0.74,-90.35,75.85,18.32
74,Barrow,50,AR,1561313056,52,-38.31,-60.23,61.99,8.05
75,Tottori,41,JP,1561313056,93,35.5,134.23,61.63,1.57
76,Namibe,90,AO,1561313056,78,-15.19,12.15,71.6,10.29
77,Adrar,0,DZ,1561313057,5,27.87,-0.29,109.4,9.17
78,Takoradi,100,GH,1561313057,93,4.89,-1.75,75.31,4.45
79,Kyrksaeterora,75,NO,1561313058,81,63.29,9.09,55.0,17.22
80,Bilma,0,NE,1561313058,7,18.69,12.92,100.15,7.96
81,Cape Town,0,ZA,1561313058,93,-33.93,18.42,57.0,4.7
82,Luderitz,0,NA,1561313059,40,-26.65,15.16,68.0,4.7
83,Duldurga,100,RU,1561313059,97,50.67,113.59,55.69,3.22
84,Beterou,97,BJ,1561313060,71,9.2,2.26,82.51,5.68
85,Narsaq,75,GL,1561313060,58,60.91,-46.05,53.6,11.41
86,Torbay,90,CA,1561313061,81,47.66,-52.73,52.0,31.09
87,Mar del Plata,0,AR,1561313061,48,-46.43,-67.52,50.83,25.1
88,Gwanda,0,ZW,1561313061,47,-20.94,29.0,61.09,4.29
89,Bilibino,13,RU,1561313062,45,68.06,166.44,57.67,1.14
90,Provideniya,100,RU,1561313062,86,64.42,-173.23,43.63,3.98
91,Upernavik,100,GL,1561313062,85,72.79,-56.15,36.43,14.18
92,Half Moon Bay,5,US,1561313063,64,37.46,-122.43,82.99,5.95
93,Ponta do Sol,19,BR,1561313063,56,-20.63,-46.0,71.17,6.6
94,Avera,1,US,1561313064,58,33.19,-82.53,91.0,9.17
95,Fuente Palmera,0,ES,1561313064,29,37.7,-5.1,89.6,12.75
96,Mount Gambier,75,AU,1561312794,86,-37.83,140.78,32.0,9.33
97,Zhigansk,57,RU,1561313065,69,66.77,123.37,62.89,12.8
98,Necochea,64,AR,1561313065,78,-38.55,-58.74,60.01,5.99
99,Cedar City,1,US,1561312793,23,37.68,-113.06,66.0,5.82
100,Fairbanks,75,US,1561312878,93,64.84,-147.72,60.8,1.61
101,Bandarbeyla,27,SO,1561313066,53,9.49,50.81,83.41,22.1
102,Mumford,100,GH,1561313066,94,5.26,-0.76,74.77,7.36
103,Kodiak,75,US,1561313067,77,39.95,-94.76,70.0,5.82
104,Saint-Denis,0,FR,1561313067,54,48.94,2.36,84.0,13.87
105,Brigantine,1,US,1561313020,32,39.41,-74.36,86.0,8.05
106,Dikson,100,RU,1561313068,82,73.51,80.55,38.95,15.73
107,Castro,75,CL,1561313068,93,-42.48,-73.76,50.0,13.87
108,Kavaratti,100,IN,1561313069,79,10.57,72.64,82.87,20.36
109,Moerai,22,PF,1561313069,68,-22.43,-151.33,70.09,20.54
110,Rocha,100,UY,1561313070,82,-34.48,-54.34,70.81,12.03
111,Bireun,59,ID,1561313070,84,5.2,96.7,68.83,5.48
112,San Pedro,99,AR,1561313072,88,-33.68,-59.66,66.0,3.0
113,Dingle,93,PH,1561313072,86,11.0,122.67,76.03,4.88
114,Hithadhoo,3,MV,1561313072,68,-0.6,73.08,84.49,6.62
115,Iqaluit,75,CA,1561312974,53,63.75,-68.52,51.8,25.28
116,Kyshtovka,5,RU,1561313073,90,56.56,76.62,49.93,7.29
117,Zyryanka,41,RU,1561313074,49,65.73,150.89,61.09,6.87
118,Payo,76,ID,1561313074,94,-3.75,103.64,66.31,3.29
119,Cherskiy,21,RU,1561313075,43,68.75,161.3,65.59,2.33
120,Shieli,0,KZ,1561313075,16,44.18,66.74,82.69,17.72
121,Kysyl-Syr,100,RU,1561313076,98,63.9,122.77,52.63,4.99
122,Bossangoa,51,CF,1561313076,80,6.5,17.45,76.03,1.23
123,Plettenberg Bay,8,ZA,1561313076,88,-34.05,23.37,52.45,3.22
124,Hermanus,80,ZA,1561313077,96,-34.42,19.24,55.0,2.04
125,Kapaa,75,US,1561313056,88,22.08,-159.32,78.8,8.05
126,Labuhan,25,ID,1561313077,92,-2.54,115.51,72.25,1.9
127,Emba,20,CY,1561313078,88,34.81,32.42,78.8,9.17
128,Longyearbyen,75,NO,1561313079,66,78.22,15.63,48.2,5.82
129,Tendukheda,18,IN,1561313079,54,23.4,79.54,89.17,3.49
130,Neftcala,0,AZ,1561313079,60,39.37,49.25,81.97,5.3
131,Witu,20,KE,1561313080,87,-2.39,40.44,78.8,9.28
132,Jamestown,0,AU,1561312818,72,-33.21,138.6,39.13,10.22
133,Itarema,63,BR,1561313080,64,-2.92,-39.92,84.85,7.58
134,Ixtapa,5,MX,1561313081,55,20.71,-105.21,87.01,6.93
135,Muros,20,ES,1561313081,77,42.77,-9.06,70.0,8.05
136,Lere,32,TD,1561313081,66,9.66,14.23,85.03,4.41
137,Airai,35,TL,1561313082,83,-8.93,125.41,67.75,5.79
138,South River,90,CA,1561313082,81,47.54,-53.27,52.0,31.09
139,Nanortalik,100,GL,1561313083,82,60.14,-45.24,42.19,4.21
140,Tuatapere,100,NZ,1561313083,96,-46.13,167.69,46.99,5.01
141,Waipawa,98,NZ,1561313083,95,-39.94,176.59,44.01,5.17
142,Quartucciu,0,IT,1561313084,69,39.25,9.18,84.2,11.41
143,Sibolga,88,ID,1561313032,63,1.74,98.78,83.95,2.77
144,Tiksi,0,RU,1561313084,68,71.64,128.87,48.49,11.03
145,Abha,0,SA,1561313085,10,18.22,42.5,80.6,9.17
146,Umm Bab,1,QA,1561313086,29,25.21,50.81,98.6,6.93
147,Maragogi,40,BR,1561313086,78,-9.01,-35.22,78.19,9.73
148,Grootfontein,0,NA,1561313087,61,-19.56,18.1,48.13,3.4
149,Sompeta,8,IN,1561313087,80,18.93,84.6,80.53,4.79
150,Dwarka,40,IN,1561313088,55,28.58,77.04,91.99,9.17
151,Zhangzhou,75,CN,1561313088,94,24.51,117.65,75.2,4.47
152,Okhotsk,75,RU,1561313088,88,59.36,143.24,43.09,4.41
153,Olonets,0,RU,1561313089,58,60.98,32.97,53.89,15.59
154,Salalah,75,OM,1561313089,89,17.01,54.1,84.2,8.05
155,Berlevag,0,NO,1561313090,75,70.86,29.09,44.6,5.82
156,Vrangel,83,RU,1561313090,97,42.73,133.08,53.71,1.23
157,Sitka,32,US,1561313090,69,37.17,-99.65,72.0,1.99
158,Harnosand,75,SE,1561313091,87,62.63,17.94,63.0,1.12
159,Kaitangata,68,NZ,1561313092,84,-46.28,169.85,44.01,4.0
160,Chachapoyas,56,PE,1561313092,36,-6.23,-77.87,67.93,5.95
161,Atar,0,MR,1561313092,9,20.52,-13.05,102.31,12.48
162,Nemuro,62,JP,1561313093,96,43.32,145.57,47.05,16.78
163,Dzidzantun,48,MX,1561313093,73,21.25,-89.05,84.49,15.59
164,Sao Felix do Xingu,93,BR,1561312866,44,-6.64,-51.99,87.01,6.62
165,Lebu,49,ET,1561313094,82,8.96,38.73,59.29,1.81
166,Arai,90,JP,1561313094,100,35.71,139.67,69.01,6.93
167,Acapulco,75,MX,1561313095,79,16.86,-99.88,84.2,2.24
168,Srednekolymsk,33,RU,1561313095,46,67.46,153.71,63.25,9.51
169,Vila,0,IT,1561313096,35,45.18,8.4,87.01,5.82
170,Saint-Philippe,1,CA,1561313096,36,45.36,-73.48,81.0,9.17
171,Batagay-Alyta,98,RU,1561313097,76,67.8,130.41,55.33,7.78
172,Pevek,63,RU,1561313097,71,69.7,170.27,36.97,8.34
173,Mandalgovi,38,MN,1561313098,66,45.76,106.27,63.25,2.17
174,Vila Velha,20,BR,1561313098,62,-3.71,-38.6,86.0,12.75
175,Wadi Musa,0,JO,1561313098,61,30.32,35.48,76.93,16.22
176,Chipinge,65,ZW,1561313099,58,-20.19,32.62,64.87,4.16
177,Hualmay,74,PE,1561313099,82,-11.1,-77.61,62.89,11.52
178,Machico,40,PT,1561313099,78,32.7,-16.77,73.99,5.82
179,Vung Tau,100,VN,1561313100,85,10.35,107.08,81.61,9.51
180,Jumla,100,NP,1561313100,96,29.28,82.18,50.83,2.64
181,Nome,75,US,1561313100,63,30.04,-94.42,91.99,12.75
182,Kenora,0,CA,1561313101,72,49.76,-94.48,71.6,8.05
183,Chuy,100,UY,1561313101,77,-33.69,-53.46,71.89,10.87
184,San Patricio,15,PY,1561313101,60,-26.98,-56.83,79.45,9.42
185,Ayagoz,17,KZ,1561313102,56,47.96,80.43,48.67,9.4
186,Port Elizabeth,1,US,1561313103,37,39.31,-74.98,84.99,5.82
187,Hasaki,75,JP,1561313103,93,35.73,140.83,66.2,10.29
188,Yagodnoye,35,RU,1561313103,80,62.52,149.63,48.31,2.35
189,Tommot,29,RU,1561313104,96,58.97,126.27,49.75,5.03
190,Dire,49,ET,1561313104,82,9.18,38.92,59.29,1.81
191,Payson,1,US,1561312906,23,40.04,-111.73,73.0,3.18
192,Carbonia,0,IT,1561313105,69,39.17,8.53,84.2,12.75
193,Ilulissat,75,GL,1561313105,52,69.22,-51.1,44.6,4.7
194,Nizwa,54,OM,1561313106,21,22.93,57.53,90.25,4.05
195,Borovskoy,98,KZ,1561313106,79,53.8,64.15,67.39,9.8
196,Presidente Medici,0,BR,1561313107,45,-11.18,-61.9,89.89,2.75
197,Pitimbu,75,BR,1561313107,65,-7.47,-34.81,82.4,14.99
198,Fukue,75,JP,1561313108,88,35.03,136.69,68.0,5.82
199,Kaoma,0,ZM,1561313108,42,-14.8,24.8,61.27,2.59
200,Tambovka,93,UA,1561313108,87,46.93,35.45,68.65,9.64
201,Novo Horizonte,0,BR,1561313109,26,-12.81,-42.17,88.81,10.83
202,Brownfield,20,US,1561313044,31,33.18,-102.27,91.4,12.75
203,Soe,33,EE,1561313110,37,57.91,26.05,71.6,6.93
204,Egvekinot,7,RU,1561313110,65,66.32,-179.17,41.11,3.85
205,Souillac,0,FR,1561313111,48,45.6,-0.6,84.0,10.29
206,Mahebourg,75,MU,1561313089,78,-20.41,57.7,71.6,14.99
207,Bereda,20,ES,1561313111,64,43.27,-7.54,70.0,10.29
208,Sawtell,75,AU,1561313112,87,-30.38,153.1,52.0,10.29
209,Ca Mau,100,VN,1561313112,91,9.18,105.15,78.01,4.7
210,Cadillac,1,US,1561313113,31,44.25,-85.4,82.0,14.99
211,Grand Gaube,75,MU,1561313113,78,-20.01,57.66,71.6,14.99
212,Baiyin,75,CN,1561313113,100,36.55,104.13,60.8,2.24
213,Yar-Sale,81,RU,1561313114,58,66.83,70.83,55.87,12.48
214,Selma,20,US,1561313114,35,36.57,-119.61,91.0,5.82
215,Qaanaaq,100,GL,1561313114,71,77.48,-69.36,32.65,12.19
216,Mersing,98,MY,1561313115,90,2.43,103.84,75.85,2.01
217,Komsomolskiy,100,RU,1561313115,93,67.55,63.78,43.09,15.43
218,Grants Pass,1,US,1561313116,46,42.44,-123.33,73.0,2.64
219,Yangambi,81,CD,1561313117,69,0.77,24.47,78.19,1.39
220,Rio Grande,0,BR,1561313117,42,-32.03,-52.1,84.2,10.29
221,Kongwa,4,TZ,1561313118,58,-6.19,36.41,68.65,7.81
222,Saint Anthony,20,US,1561313118,34,43.97,-111.68,68.0,18.34
223,Tarakan,79,ID,1561312946,81,3.3,117.63,81.07,0.51
224,Obidos,75,PT,1561313119,78,39.36,-9.16,75.99,8.05
225,Imeni Poliny Osipenko,100,RU,1561313119,97,52.42,136.49,48.85,3.53
226,Guerrero Negro,100,MX,1561313120,79,27.97,-114.04,61.99,9.64
227,Cidreira,33,BR,1561313120,56,-30.17,-50.22,77.83,9.86
228,Chirongui,0,YT,1561313120,83,-12.93,45.15,78.8,6.93
229,Menongue,0,AO,1561313121,31,-14.66,17.68,58.75,1.9
230,Pundaguitan,100,PH,1561313121,77,6.37,126.17,82.33,4.43
231,Talnakh,0,RU,1561313121,93,69.49,88.39,42.8,4.47
232,La Rioja,0,AR,1561313122,34,-29.41,-66.86,73.87,4.43
233,Casper,1,US,1561312930,62,42.87,-106.31,62.01,10.29
234,Kiunga,79,PG,1561313123,99,-6.12,141.3,71.35,1.32
235,Bathsheba,40,BB,1561312923,78,13.22,-59.52,82.4,5.82
236,Noumea,100,NC,1561313124,93,-22.28,166.46,66.2,4.7
237,Kuusamo,90,FI,1561313124,93,65.96,29.19,46.4,8.05
238,Ler,75,NO,1561313124,66,63.2,10.3,55.0,23.04
239,Davila,100,PH,1561313125,73,18.47,120.58,85.21,8.57
240,Tigil,23,RU,1561313125,89,57.8,158.67,40.57,3.27
241,Severo-Yeniseyskiy,83,RU,1561313125,63,60.37,93.04,61.99,2.93
242,Borogontsy,1,RU,1561312967,76,62.67,131.17,55.33,5.88
243,Powell River,75,CA,1561313126,62,49.84,-124.52,64.0,9.17
244,Milkovo,20,BG,1561313126,74,41.53,24.68,82.99,1.16
245,Manzanillo,43,CU,1561313127,70,20.34,-77.12,85.93,4.85
246,Bosaso,95,SO,1561313127,70,11.28,49.18,86.83,8.68
247,Barcelos,40,PT,1561313128,88,41.53,-8.62,71.01,5.82
248,Arlit,11,NE,1561313128,9,18.74,7.39,107.89,7.45
249,Amberley,71,NZ,1561313128,86,-43.15,172.73,41.0,3.36
250,Nago,0,IT,1561313129,40,45.88,10.89,86.0,6.93
251,San Juan,75,PR,1561312977,70,18.47,-66.12,91.99,13.87
252,Tateyama,100,JP,1561313130,90,36.66,137.31,71.01,2.98
253,Jalu,0,LY,1561313131,21,29.03,21.55,92.77,6.53
254,Bethel,90,US,1561313131,93,60.79,-161.76,57.2,8.05
255,Sao Joao da Barra,75,BR,1561312923,73,-21.64,-41.05,77.0,8.05
256,Ierapetra,0,GR,1561313132,58,35.01,25.74,84.0,4.7
257,Port Lincoln,68,AU,1561313133,53,-34.72,135.86,52.99,23.22
258,Suffolk,40,US,1561313133,37,36.73,-76.58,86.0,3.36
259,Tilichiki,100,RU,1561313137,89,60.47,166.1,46.87,1.72
260,Chokurdakh,0,RU,1561313137,54,70.62,147.9,61.63,10.02
261,Marrakesh,0,MA,1561313138,20,31.63,-7.99,93.2,6.93
262,Ribeira Grande,20,PT,1561313138,53,38.52,-28.7,71.6,13.87
263,Pacific Grove,1,US,1561313040,72,36.62,-121.92,84.99,8.05
264,Lapa,0,BR,1561313139,49,-25.77,-49.72,73.0,13.87
265,Saldanha,99,PT,1561313139,71,41.42,-6.55,69.01,2.26
266,Gwadar,0,PK,1561313140,84,25.12,62.33,84.49,6.26
267,Los Llanos de Aridane,75,ES,1561313140,78,28.66,-17.92,77.0,4.7
268,Sabang,100,PH,1561313140,77,13.72,123.58,83.23,9.51
269,Kavieng,99,PG,1561313142,78,-2.57,150.8,81.43,4.34
270,Kahului,20,US,1561312870,65,20.89,-156.47,82.4,15.14
271,Muzhi,43,RU,1561313142,83,65.4,64.7,58.03,10.74
272,Hailar,100,CN,1561313143,79,49.2,119.7,65.23,5.86
273,Lagoa,20,PT,1561313101,88,37.14,-8.45,72.0,12.75
274,Saint-Augustin,0,FR,1561313144,42,44.83,-0.61,84.99,5.82
275,Qesarya,0,IL,1561313144,74,32.52,34.9,81.0,10.29
276,Lagos,62,NG,1561313144,85,6.46,3.39,78.19,10.51
277,Saint-Pierre,0,FR,1561313145,54,48.95,4.24,80.6,10.29
278,Resavica,43,RS,1561313146,95,44.04,21.58,64.69,17.43
279,Huarmey,95,PE,1561313146,83,-10.07,-78.15,63.25,11.21
280,San Carlos de Bariloche,40,AR,1561313146,75,-41.13,-71.31,44.6,18.34
281,Palafrugell,0,ES,1561312955,44,41.92,3.16,84.0,8.05
282,Nandi,75,KE,1561313147,64,0.19,35.1,73.4,4.7
283,Kaohsiung,75,TW,1561312870,88,22.62,120.31,82.99,4.7
284,Vadso,75,NO,1561313148,81,70.07,29.75,44.6,6.93
285,Luganville,92,VU,1561313148,97,-15.51,167.18,70.27,1.41
286,Melbu,75,NO,1561313149,71,68.5,14.83,54.0,10.29
287,Maldonado,75,UY,1561313149,69,-34.91,-54.96,75.2,18.34
288,Manggar,44,ID,1561313149,94,-2.88,108.27,76.57,3.33
289,Berdigestyakh,100,RU,1561313150,98,62.1,126.7,55.51,5.3
290,Touros,40,BR,1561313150,69,-5.2,-35.46,82.4,13.87
291,Santa Rosa,85,AR,1561313152,54,-36.62,-64.29,63.79,4.18
292,Narasannapeta,5,IN,1561313153,84,18.42,84.04,82.15,2.84
293,Aketi,22,CD,1561313153,84,2.74,23.78,73.51,0.76
294,Ancud,75,CL,1561313154,93,-41.87,-73.83,50.0,13.87
295,Daru,100,SL,1561313154,87,7.99,-10.85,76.93,6.4
296,Valparaiso,75,US,1561313056,61,41.47,-87.06,82.4,17.22
297,Tazovskiy,49,RU,1561313155,60,67.47,78.7,50.47,12.57
298,Lima,90,PE,1561313155,72,-12.06,-77.04,64.4,6.93
299,Tocopilla,42,CL,1561313156,82,-22.09,-70.2,58.93,3.18
300,El Oro,0,ES,1561313156,32,39.3,-0.92,86.0,9.17
301,Rovaniemi,90,FI,1561313157,100,66.5,25.72,44.6,6.93
302,Yatou,75,CM,1561313157,88,3.63,9.81,80.6,5.82
303,Nelson Bay,75,AU,1561313157,100,-32.72,152.14,52.0,5.82
304,Paamiut,100,GL,1561313158,91,61.99,-49.67,38.23,3.67
305,Alberton,0,ZA,1561313158,34,-26.25,28.13,55.99,2.77
306,Cururupu,37,BR,1561313158,89,-1.82,-44.87,80.35,3.69
307,Pell City,75,US,1561313159,74,33.59,-86.29,90.0,4.7
308,Moshenskoye,68,RU,1561313159,68,58.52,34.59,59.83,4.72
309,Frontera,75,MX,1561313159,62,18.53,-92.64,89.6,12.84
310,Alta Floresta,40,BR,1561313160,38,-9.87,-56.08,89.6,6.93
311,Markova,40,RU,1561313160,100,52.21,104.21,57.2,4.47
312,Churapcha,5,RU,1561313161,77,62.0,132.43,55.33,8.01
313,Ussel,99,FR,1561313161,63,45.55,2.31,81.0,1.99
314,Anderson,20,US,1561313162,55,34.51,-82.65,87.8,5.82
315,Petatlan,75,MX,1561313162,66,17.52,-101.27,89.6,11.41
316,Elin Pelin,75,BG,1561313162,61,42.67,23.6,77.0,9.17
317,Salo,0,FI,1561313163,48,60.38,23.13,66.2,6.93
318,Katsuura,40,JP,1561313163,88,33.93,134.5,68.0,9.17
319,Sechura,2,PE,1561313164,93,-5.56,-80.82,63.07,14.18
320,Kulhudhuffushi,100,MV,1561313164,76,6.62,73.07,83.95,18.68
321,Fort Wayne,1,US,1561313165,36,41.08,-85.14,81.0,12.75
322,Jidong,0,CN,1561313165,91,45.25,131.14,55.87,1.63
323,Marawi,100,PH,1561313166,89,8.0,124.29,77.0,5.01
324,Shellbrook,75,CA,1561313166,77,53.22,-106.39,60.8,11.41
325,Pangnirtung,75,CA,1561313167,75,66.15,-65.72,44.6,19.46
326,Prachuap Khiri Khan,100,TH,1561313167,99,11.81,99.79,72.25,3.29
327,Husavik,11,CA,1561313168,43,50.56,-96.99,72.0,5.01
328,The Valley,40,AI,1561313168,66,18.22,-63.06,87.01,16.11
329,Klaksvik,0,FO,1561313168,71,62.23,-6.59,53.6,3.36
330,Yulara,0,AU,1561313169,41,-25.24,130.99,42.8,6.93
331,Lorengau,90,PG,1561313169,80,-2.02,147.27,79.09,3.47
332,Codrington,75,AU,1561313170,76,-28.95,153.24,51.8,8.05
333,Rundu,0,NA,1561313170,32,-17.91,19.77,69.8,1.12
334,Broome,100,GB,1561313171,77,52.47,1.45,69.01,9.17
335,Axim,99,GH,1561313171,88,4.87,-2.24,77.29,10.71
336,Faanui,90,PF,1561313171,81,-16.48,-151.75,78.01,26.4
337,Norman Wells,75,CA,1561313172,56,65.28,-126.83,68.0,6.93
338,San Quintin,100,PH,1561313173,89,17.54,120.52,76.39,3.09
339,Terra Santa,78,BR,1561313173,49,-2.1,-56.49,89.53,6.8
340,Beringovskiy,100,RU,1561313174,86,63.05,179.32,49.57,4.34
341,Diego de Almagro,0,CL,1561313175,51,-26.39,-70.05,66.13,8.21
342,Evensk,100,RU,1561313175,86,61.92,159.24,47.41,2.08
343,Maputo,40,MZ,1561313115,78,-25.97,32.57,71.6,9.17
344,Aksarka,82,RU,1561313175,85,66.56,67.8,54.07,7.96
345,East Linton,0,GB,1561313176,48,55.99,-2.66,64.4,12.75
346,Coahuayana,74,MX,1561313176,54,18.62,-100.35,89.89,2.89
347,Yumen,100,CN,1561313177,42,40.29,97.04,74.77,1.95
348,Mogadishu,9,SO,1561313177,87,2.04,45.34,75.85,9.71
349,Coquimbo,20,CL,1561313178,76,-29.95,-71.34,73.0,9.17
350,Clyde River,75,CA,1561313178,75,70.47,-68.59,41.0,17.22
351,Burgeo,100,CA,1561313179,85,47.61,-57.61,46.87,28.68
352,Mangrol,7,IN,1561313179,33,25.33,76.51,95.29,8.86
353,Port Moresby,74,PG,1561313180,87,-9.47,147.16,78.19,18.28
354,Bonavista,100,CA,1561313180,83,48.65,-53.11,50.0,21.99
355,Muroto,54,JP,1561313180,89,33.37,134.14,61.99,5.01
356,Flinders,75,AU,1561313181,100,-34.58,150.85,53.01,13.87
357,Esperance,75,TT,1561313169,88,10.24,-61.45,87.01,3.89
358,Mount Isa,0,AU,1561313182,27,-20.73,139.49,50.0,9.17
359,Polunochnoye,34,RU,1561313182,92,60.87,60.43,57.85,3.67
360,Ambon,0,FR,1561313183,64,47.55,-2.56,73.99,12.75
361,Mandiana,95,GN,1561313183,66,10.62,-8.7,85.21,1.05
362,Gorontalo,3,ID,1561313183,93,0.54,123.06,74.23,5.08
363,Matangad,100,PH,1561313184,89,8.58,124.37,77.0,5.01
364,Nhulunbuy,40,AU,1561313184,73,-12.18,136.78,69.8,8.05
365,Balakovo,13,RU,1561313185,56,52.02,47.82,76.03,4.32
366,Celestun,29,MX,1561313185,57,20.87,-90.4,90.07,13.6
367,Constitucion,5,MX,1561313185,23,23.99,-104.67,78.01,8.05
368,East London,0,ZA,1561313186,72,-33.02,27.91,60.8,9.17
369,Sao Filipe,52,CV,1561313187,76,14.9,-24.5,73.69,14.07
370,Sangar,41,RU,1561313187,76,63.92,127.47,59.11,5.19
371,Coro,100,VE,1561313188,70,11.41,-69.67,84.13,31.07
372,Chara,40,GR,1561313189,62,39.42,22.43,87.01,9.17
373,Saint Lawrence,0,MT,1561313189,61,36.06,14.2,82.4,8.05
374,Mizan Teferi,47,ET,1561313189,96,6.99,35.58,63.79,1.83
375,Muravlenko,2,RU,1561313053,56,63.79,74.5,54.97,11.65
376,Bure,62,NG,1561313190,47,10.52,10.33,88.09,8.39
377,Dobric,20,RO,1561313191,54,47.25,24.13,78.8,4.7
378,Ajdovscina,40,SI,1561313192,83,45.89,13.91,82.4,4.7
379,San Andres,86,PH,1561313192,88,13.32,122.68,78.37,3.02
380,Ulladulla,75,AU,1561313193,100,-35.36,150.48,50.0,13.87
381,Omsukchan,67,RU,1561313193,82,62.53,155.8,41.83,5.1
382,Isangel,100,VU,1561313194,83,-19.55,169.27,73.15,23.44
383,Gat,0,SN,1561313194,61,14.69,-16.54,80.6,12.75
384,Leningradskiy,100,RU,1561313194,80,69.38,178.42,35.17,7.27
385,Trunovskoye,75,RU,1561313195,73,45.48,42.14,69.8,11.18
386,Namwala,0,ZM,1561313195,38,-15.75,26.45,62.35,2.37
387,Along,85,IN,1561313195,96,28.17,94.8,61.09,2.84
388,Kargasok,71,RU,1561313196,95,59.06,80.87,50.47,3.91
389,Lalin,0,CN,1561313196,72,45.23,126.86,68.0,6.71
390,Esterhazy,97,CA,1561313196,77,50.65,-102.08,59.11,11.97
391,Cayenne,97,GF,1561313197,66,4.94,-52.33,87.8,12.75
392,Sioux Lookout,90,CA,1561313197,93,50.1,-91.92,66.2,2.24
393,Russell,20,AR,1561313198,42,-33.01,-68.8,62.6,9.17
394,Tanete,9,ID,1561313199,79,-3.94,119.78,80.53,19.55
395,Deputatskiy,6,RU,1561313199,62,69.3,139.9,57.31,4.83
396,Nouadhibou,0,MR,1561313199,68,20.93,-17.03,71.6,24.16
397,Nioro,85,GM,1561313200,22,13.79,-15.05,100.15,4.81
398,Xuddur,81,SO,1561313200,59,4.12,43.89,79.99,15.99
399,Luau,36,CD,1561313201,38,-10.7,22.23,65.05,4.0
400,Dicabisagan,99,PH,1561313201,91,17.08,122.42,75.49,1.74
401,Midland,1,US,1561313201,31,32.0,-102.08,93.99,6.93
402,Kayes,28,ML,1561313202,14,14.44,-11.44,104.65,8.41
403,Senanga,0,ZM,1561313203,38,-16.1,23.3,64.69,4.0
404,Elko,1,US,1561313203,29,40.83,-115.76,73.0,8.05
405,Mehran,0,IR,1561313204,21,33.12,46.17,82.4,4.7
406,Hammerfest,20,NO,1561313204,76,70.66,23.68,51.8,11.41
407,Grindavik,75,IS,1561313205,81,63.84,-22.43,51.8,8.05
408,Bud,40,NO,1561313207,66,62.91,6.91,55.4,14.99
409,Svetlogorsk,40,RU,1561313207,44,53.14,59.15,75.2,4.47
410,Kidal,58,ML,1561313208,9,18.44,1.41,105.01,4.45
411,Broken Hill,0,AU,1561313208,69,-31.97,141.45,39.2,10.29
412,Zhangjiakou,97,CN,1561313208,70,40.77,114.88,63.25,4.27
413,Smithers,75,CA,1561313209,62,54.78,-127.17,57.2,4.7
414,Eureka,1,US,1561313209,82,40.8,-124.16,75.0,4.7
415,Kabo,82,CF,1561313210,91,7.69,18.62,76.03,2.15
416,Baicheng,0,CN,1561313210,41,45.61,122.87,73.33,10.85
417,Hays,75,US,1561313211,64,38.88,-99.33,73.99,9.17
418,Walvis Bay,0,NA,1561313211,56,-22.95,14.51,68.0,5.82
419,Dong Xoai,100,VN,1561313211,94,11.53,106.92,77.83,6.44
420,Sucua,100,EC,1561313212,99,-2.46,-78.17,45.07,4.09
421,Buraydah,0,SA,1561313212,19,26.33,43.97,98.6,9.17
422,Pedro Velho,80,BR,1561313213,66,-6.44,-35.22,81.25,13.91
423,Quatre Cocos,75,MU,1561313213,78,-20.21,57.76,71.6,14.99
424,Bose,0,IT,1561313214,54,45.46,8.01,87.01,3.36
425,Aizpute,0,LV,1561313214,59,56.72,21.61,66.2,3.36
426,Port Antonio,20,JM,1561312939,62,18.18,-76.45,87.8,16.11
427,Almeirim,75,PT,1561313215,78,39.21,-8.63,75.99,8.05
428,Kendari,1,ID,1561313216,95,-3.99,122.52,71.53,2.39
429,Shumerlya,38,RU,1561313216,83,55.5,46.42,67.21,7.85
430,Kichmengskiy Gorodok,56,RU,1561313216,59,59.99,45.81,59.11,7.23
431,Ambilobe,13,MG,1561313217,89,-13.19,49.05,70.63,5.1
432,Vardo,1,US,1561313217,39,39.62,-77.74,82.99,5.82
433,Svetlaya,19,RU,1561313217,95,46.54,138.33,49.03,1.25
434,Zhiryatino,75,RU,1561313218,93,53.22,33.73,62.6,8.95
435,Libourne,0,FR,1561313218,42,44.91,-0.24,89.6,5.82
436,Krasnogvardeyskiy,40,RU,1561313219,97,57.38,62.32,64.87,6.26
437,Caruray,100,PH,1561313220,76,10.31,119.01,84.13,14.99
438,Soledade,75,BR,1561313220,54,-7.06,-36.37,82.4,11.41
439,Alice Springs,0,AU,1561313170,55,-23.7,133.88,33.8,7.87
440,Graham,90,US,1561313222,44,36.07,-79.4,81.0,4.7
441,Butka,67,RU,1561313222,97,56.72,63.78,64.51,5.5
442,West Wendover,1,US,1561313223,32,40.74,-114.07,66.2,5.82
443,Fallon,1,US,1561313223,49,46.84,-105.12,71.6,5.82
444,Dubbo,21,AU,1561313224,81,-32.25,148.6,42.8,11.41
445,Samana,100,EC,1561313225,98,0.12,-76.97,67.57,2.91
446,Gao,0,ML,1561313225,10,16.28,-0.04,107.53,6.13
447,Jatai,12,IN,1561313225,33,28.97,76.18,97.81,17.11
448,Matamoros,75,US,1561313226,67,25.87,-97.51,95.0,21.92
449,Lugus,67,PH,1561313226,78,5.7,120.82,83.23,6.42
450,Haines Junction,88,CA,1561313227,68,60.75,-137.51,55.51,2.75
451,Kruisfontein,2,ZA,1561313227,93,-34.0,24.73,50.29,2.89
452,Vanimo,52,PG,1561313228,82,-2.67,141.3,80.89,9.26
453,Caravelas,36,BR,1561313228,82,-17.73,-39.27,76.57,8.5
454,Colares,75,PT,1561313229,77,38.8,-9.45,71.6,5.82
455,Biskamzha,100,RU,1561313229,98,53.45,89.53,49.57,5.68
456,Skibbereen,75,IE,1561313229,93,51.55,-9.27,57.2,13.87
457,Petrinja,20,HR,1561313230,73,45.44,16.28,73.4,1.12
458,Hibbing,100,US,1561313230,93,47.43,-92.94,63.0,4.34
459,Collie,17,AU,1561313230,60,-33.36,116.15,54.0,4.9
460,Lukow,89,PL,1561313231,40,51.93,22.38,78.01,9.15
461,Nizhniy Ingash,14,RU,1561313231,78,56.2,96.53,60.91,7.56
462,Kalmunai,92,LK,1561313232,72,7.42,81.82,80.89,1.99
463,College,75,US,1561313232,93,64.86,-147.8,60.8,1.61
464,Kununurra,0,AU,1561313232,57,-15.77,128.74,50.0,2.24
465,Tolaga Bay,84,NZ,1561313101,96,-38.37,178.3,45.07,2.64
466,Plonsk,0,PL,1561313233,33,52.62,20.38,77.0,4.7
467,Lufilufi,40,WS,1561313233,94,-13.87,-171.6,75.2,4.7
468,Zhezkazgan,37,KZ,1561313234,32,47.8,67.71,67.57,6.98
469,Aykhal,0,RU,1561313234,62,65.95,111.51,55.4,4.47
470,Nanton,100,CA,1561313234,69,50.35,-113.77,59.0,8.99
471,Hovd,75,NO,1561313235,66,63.83,10.7,54.0,23.04
472,Thinadhoo,65,MV,1561313235,70,0.53,72.93,84.49,11.48
473,Redmond,90,US,1561313223,71,47.67,-122.12,57.99,6.93
474,Ahipara,11,NZ,1561313237,74,-35.17,173.16,59.47,14.63
475,Nokaneng,0,BW,1561313237,36,-19.66,22.19,63.07,4.81
476,Port-Gentil,40,GA,1561313237,78,-0.72,8.78,78.8,9.17
477,Inhambane,20,MZ,1561313238,88,-23.87,35.38,71.6,4.7
478,Port Macquarie,90,AU,1561313238,93,-31.43,152.91,52.0,6.93
479,Vaitape,90,PF,1561313238,81,-16.52,-151.75,78.01,26.4
480,Geraldton,75,CA,1561313239,31,49.72,-86.95,77.0,9.17
481,Barra do Corda,67,BR,1561313239,44,-5.5,-45.25,88.27,6.15
482,Quelimane,75,MZ,1561313240,88,-17.88,36.89,71.6,3.36
483,Sinnamary,91,GF,1561313240,81,5.38,-52.96,81.79,13.76
484,Mattru,100,SL,1561313240,89,7.62,-11.83,76.75,7.11
485,Anadyr,75,RU,1561313241,81,64.73,177.51,50.0,11.18
486,Rivadavia,0,AR,1561313241,13,-31.53,-68.59,71.89,6.76
487,Guanare,99,VE,1561313242,89,9.04,-69.74,78.55,0.87
488,Sakaraha,6,MG,1561313243,46,-22.91,44.53,69.37,1.86
489,Mayo,40,CA,1561313244,35,63.59,-135.9,69.8,10.29
490,Oga,75,NG,1561313244,84,8.18,5.65,77.47,4.7
491,Visby,0,SE,1561313244,55,57.64,18.3,66.99,8.05
492,Qaqortoq,75,GL,1561313245,58,60.72,-46.03,53.6,11.41
493,Albanel,75,CA,1561313245,43,48.88,-72.44,75.99,13.87
494,Matara,0,PE,1561313246,35,-13.74,-72.9,55.4,7.76
495,Hurricane,1,US,1561313246,15,37.18,-113.29,80.01,4.7
496,Sept-Iles,75,CA,1561313154,42,50.2,-66.38,64.4,17.22
497,Manokwari,11,ID,1561313083,68,-0.87,134.08,74.59,5.08
498,Fairlie,90,US,1561313247,62,33.31,-95.96,91.0,14.99
499,Slantsy,48,RU,1561313247,72,59.12,28.09,59.83,8.57
500,Banswada,75,IN,1561313248,74,18.38,77.88,79.99,2.42
501,Xam Nua,100,LA,1561313248,96,20.42,104.04,69.91,2.21
502,Puerto Escondido,75,MX,1561313249,66,15.86,-97.07,86.0,9.17
503,La Peca,91,PE,1561313249,46,-5.61,-78.44,80.35,2.59
504,Copiapo,0,CL,1561313249,59,-27.37,-70.33,62.6,4.7
505,Orhangazi,20,TR,1561313250,57,40.49,29.31,86.0,9.17
506,Waitati,42,NZ,1561313251,73,-45.75,170.57,48.0,23.0
507,Mansehra,100,PK,1561313252,54,34.33,73.2,70.81,4.7
508,Gimli,28,CA,1561313252,44,50.63,-96.99,73.0,4.0
509,Port Shepstone,42,ZA,1561313253,65,-30.74,30.45,55.69,7.47
510,Mindelo,40,PT,1561313253,88,41.31,-8.72,71.01,5.82
511,Sorong,51,ID,1561313254,96,-0.86,131.25,75.31,4.92
512,Bauchi,41,NG,1561313254,73,10.31,9.85,80.53,7.14
513,Talcahuano,40,CL,1561312979,67,-36.72,-73.12,57.2,6.93
514,Dahegam,40,IN,1561313255,63,23.17,72.82,91.4,8.05
515,Polyarnyy,75,RU,1561313255,83,69.2,33.45,42.8,6.71
516,Prince Rupert,90,CA,1561313255,93,54.32,-130.32,53.6,9.17
517,Port Blair,37,IN,1561313256,78,11.67,92.75,83.77,11.14
518,Asadabad,0,IR,1561313256,17,34.78,48.12,82.4,4.7
519,Strabychovo,28,UA,1561313257,81,48.39,22.54,72.0,4.0
520,Cap Malheureux,75,MU,1561313257,78,-19.98,57.61,71.6,14.99
521,Nalut,0,LY,1561313257,7,31.86,10.98,99.43,7.58
522,Oranjestad,75,AW,1561313258,70,12.52,-70.03,86.0,23.04
523,Beloha,0,MG,1561313258,75,-25.17,45.06,68.65,10.22
524,Falmouth,75,GB,1561313258,93,50.16,-5.07,63.0,5.82
525,Saint-Paul,0,FR,1561313259,44,45.22,1.9,82.0,4.7
526,Dragalina,4,RO,1561313259,46,44.43,27.33,86.0,1.01
527,Tokonou,98,GN,1561313260,86,9.65,-9.78,79.27,3.67
528,Padang,94,ID,1561313260,68,-0.92,100.36,83.41,3.04
529,Pustoshka,0,RU,1561313261,67,56.34,29.37,60.91,5.03
530,Panguna,91,PG,1561313262,77,-6.32,155.48,80.89,6.58
531,Nador,20,MA,1561313262,73,35.17,-2.93,77.0,8.05
532,Ballina,90,IE,1561313263,100,54.11,-9.15,59.0,13.87
533,Sartana,93,UA,1561313263,73,47.17,37.7,69.01,7.58
534,Prince Albert,75,CA,1561313263,77,53.2,-105.75,60.8,11.41
